{"cameraMode":{"drawMode":0,"name":"Shaded","section":"Shading Mode"},"sceneLighting":true,"audioPlay":false,"sceneViewState":{"showFog":true,"showMaterialUpdate":false,"showSkybox":false,"showFlares":true,"showImageEffects":true,"showParticleSystems":true},"in2DMode":false,"pivot":{"x":0.26162558794021609,"y":3.6261539459228517,"z":3.630779266357422},"rotation":{"x":0.6086134314537048,"y":-0.0035744612105190756,"z":0.0027401254046708347,"w":0.7934699058532715},"size":4.832846164703369,"orthographic":false}