{"cameraMode":{"drawMode":0,"name":"Shaded","section":"Shading Mode"},"sceneLighting":true,"audioPlay":false,"sceneViewState":{"showFog":true,"showMaterialUpdate":false,"showSkybox":true,"showFlares":true,"showImageEffects":true,"showParticleSystems":true},"in2DMode":false,"pivot":{"x":9.911819458007813,"y":-7.5891876220703129,"z":4.4384613037109379},"rotation":{"x":0.4791533946990967,"y":-0.520836353302002,"z":0.5018334984779358,"w":0.497315913438797},"size":7.2166829109191898,"orthographic":false}