{"cameraMode":{"drawMode":0,"name":"Shaded","section":"Shading Mode"},"sceneLighting":true,"audioPlay":false,"sceneViewState":{"showFog":true,"showMaterialUpdate":false,"showSkybox":false,"showFlares":true,"showImageEffects":true,"showParticleSystems":true},"in2DMode":false,"pivot":{"x":-5.5254387855529789,"y":3.1734085083007814,"z":8.750251770019532},"rotation":{"x":0.008065147325396538,"y":-0.4999014735221863,"z":0.004650503396987915,"w":0.8660444617271423},"size":8.014152526855469,"orthographic":false}